{
    "n": 78,
    "skipped": 0,
    "top-1": 0.6025641025641025,
    "top-2": 0.7051282051282052,
    "top-3": 0.7564102564102564,
    "top-4": 0.7692307692307693,
    "top-5": 0.7948717948717948,
    "top-6": 0.8205128205128205,
    "top-7": 0.8589743589743589,
    "top-8": 0.8589743589743589,
    "top-9": 0.8846153846153846,
    "top-10": 0.8974358974358975,
    "avg_rank": 2.948717948717949
}