{
    "n": 32,
    "skipped": 0,
    "top-1": 0.9375,
    "top-2": 0.96875,
    "top-3": 1.0,
    "top-4": 1.0,
    "top-5": 1.0,
    "top-6": 1.0,
    "top-7": 1.0,
    "top-8": 1.0,
    "top-9": 1.0,
    "top-10": 1.0,
    "avg_rank": 1.09375
}