{
    "n": 78,
    "skipped": 0,
    "top-1": 0.7692307692307693,
    "top-2": 0.8589743589743589,
    "top-3": 0.8846153846153846,
    "top-4": 0.8846153846153846,
    "top-5": 0.8974358974358975,
    "top-6": 0.8974358974358975,
    "top-7": 0.8974358974358975,
    "top-8": 0.8974358974358975,
    "top-9": 0.8974358974358975,
    "top-10": 0.8974358974358975,
    "avg_rank": 2.1153846153846154
}