{
    "n": 78,
    "skipped": 0,
    "top-1": 0.7564102564102564,
    "top-2": 0.8333333333333334,
    "top-3": 0.8461538461538461,
    "top-4": 0.8589743589743589,
    "top-5": 0.8846153846153846,
    "top-6": 0.8974358974358975,
    "top-7": 0.8974358974358975,
    "top-8": 0.8974358974358975,
    "top-9": 0.8974358974358975,
    "top-10": 0.8974358974358975,
    "avg_rank": 2.230769230769231
}