{
    "n": 78,
    "skipped": 0,
    "top-1": 0.5256410256410257,
    "top-2": 0.6153846153846154,
    "top-3": 0.7051282051282052,
    "top-4": 0.7307692307692307,
    "top-5": 0.782051282051282,
    "top-6": 0.8076923076923077,
    "top-7": 0.8333333333333334,
    "top-8": 0.8333333333333334,
    "top-9": 0.8461538461538461,
    "top-10": 0.8589743589743589,
    "avg_rank": 3.3205128205128207
}