{
    "n": 32,
    "skipped": 0,
    "top-1": 0.5,
    "top-2": 0.53125,
    "top-3": 0.59375,
    "top-4": 0.625,
    "top-5": 0.625,
    "top-6": 0.6875,
    "top-7": 0.6875,
    "top-8": 0.6875,
    "top-9": 0.6875,
    "top-10": 0.6875,
    "avg_rank": 4.375
}