{
    "n": 46,
    "skipped": 0,
    "top-1": 0.391304347826087,
    "top-2": 0.5434782608695652,
    "top-3": 0.6086956521739131,
    "top-4": 0.6304347826086957,
    "top-5": 0.6521739130434783,
    "top-6": 0.6956521739130435,
    "top-7": 0.7608695652173914,
    "top-8": 0.7608695652173914,
    "top-9": 0.8043478260869565,
    "top-10": 0.8260869565217391,
    "avg_rank": 4.1521739130434785
}