{
    "n": 46,
    "skipped": 0,
    "top-1": 0.30434782608695654,
    "top-2": 0.41304347826086957,
    "top-3": 0.43478260869565216,
    "top-4": 0.4782608695652174,
    "top-5": 0.5217391304347826,
    "top-6": 0.5434782608695652,
    "top-7": 0.5434782608695652,
    "top-8": 0.5434782608695652,
    "top-9": 0.5434782608695652,
    "top-10": 0.5434782608695652,
    "avg_rank": 5.673913043478261
}