{
    "n": 78,
    "skipped": 0,
    "top-1": 0.38461538461538464,
    "top-2": 0.46153846153846156,
    "top-3": 0.5,
    "top-4": 0.5384615384615384,
    "top-5": 0.5641025641025641,
    "top-6": 0.6025641025641025,
    "top-7": 0.6025641025641025,
    "top-8": 0.6025641025641025,
    "top-9": 0.6025641025641025,
    "top-10": 0.6025641025641025,
    "avg_rank": 5.141025641025641
}