{
    "n": 78,
    "skipped": 0,
    "top-1": 0.717948717948718,
    "top-2": 0.782051282051282,
    "top-3": 0.8205128205128205,
    "top-4": 0.8461538461538461,
    "top-5": 0.8589743589743589,
    "top-6": 0.8846153846153846,
    "top-7": 0.8846153846153846,
    "top-8": 0.8846153846153846,
    "top-9": 0.8974358974358975,
    "top-10": 0.8974358974358975,
    "avg_rank": 2.423076923076923
}