{
    "n": 46,
    "skipped": 0,
    "top-1": 0.5869565217391305,
    "top-2": 0.717391304347826,
    "top-3": 0.7391304347826086,
    "top-4": 0.7608695652173914,
    "top-5": 0.8043478260869565,
    "top-6": 0.8260869565217391,
    "top-7": 0.8260869565217391,
    "top-8": 0.8260869565217391,
    "top-9": 0.8260869565217391,
    "top-10": 0.8260869565217391,
    "avg_rank": 3.0869565217391304
}