{
    "n": 46,
    "skipped": 0,
    "top-1": 0.6304347826086957,
    "top-2": 0.7391304347826086,
    "top-3": 0.8043478260869565,
    "top-4": 0.8043478260869565,
    "top-5": 0.8260869565217391,
    "top-6": 0.8260869565217391,
    "top-7": 0.8260869565217391,
    "top-8": 0.8260869565217391,
    "top-9": 0.8260869565217391,
    "top-10": 0.8260869565217391,
    "avg_rank": 2.891304347826087
}