{
    "n": 46,
    "skipped": 0,
    "top-1": 0.30434782608695654,
    "top-2": 0.43478260869565216,
    "top-3": 0.5217391304347826,
    "top-4": 0.5652173913043478,
    "top-5": 0.6304347826086957,
    "top-6": 0.6739130434782609,
    "top-7": 0.717391304347826,
    "top-8": 0.717391304347826,
    "top-9": 0.7391304347826086,
    "top-10": 0.7608695652173914,
    "avg_rank": 4.695652173913044
}