{
    "n": 48,
    "skipped": 0,
    "top-1": 0.6458333333333334,
    "top-2": 0.75,
    "top-3": 0.8125,
    "top-4": 0.8333333333333334,
    "top-5": 0.8333333333333334,
    "top-6": 0.875,
    "top-7": 0.8958333333333334,
    "top-8": 0.8958333333333334,
    "top-9": 0.8958333333333334,
    "top-10": 0.8958333333333334,
    "avg_rank": 2.5625
}