{
    "n": 78,
    "skipped": 0,
    "top-1": 0.6153846153846154,
    "top-2": 0.782051282051282,
    "top-3": 0.8205128205128205,
    "top-4": 0.8589743589743589,
    "top-5": 0.8717948717948718,
    "top-6": 0.9102564102564102,
    "top-7": 0.9230769230769231,
    "top-8": 0.9358974358974359,
    "top-9": 0.9358974358974359,
    "top-10": 0.9358974358974359,
    "avg_rank": 2.3461538461538463
}