{
    "n": 78,
    "skipped": 0,
    "top-1": 0.6282051282051282,
    "top-2": 0.7307692307692307,
    "top-3": 0.7948717948717948,
    "top-4": 0.8205128205128205,
    "top-5": 0.8205128205128205,
    "top-6": 0.8461538461538461,
    "top-7": 0.8717948717948718,
    "top-8": 0.8846153846153846,
    "top-9": 0.8846153846153846,
    "top-10": 0.8846153846153846,
    "avg_rank": 2.717948717948718
}