{
    "n": 78,
    "skipped": 0,
    "top-1": 0.5897435897435898,
    "top-2": 0.7564102564102564,
    "top-3": 0.7948717948717948,
    "top-4": 0.8333333333333334,
    "top-5": 0.8333333333333334,
    "top-6": 0.8846153846153846,
    "top-7": 0.9230769230769231,
    "top-8": 0.9230769230769231,
    "top-9": 0.9230769230769231,
    "top-10": 0.9358974358974359,
    "avg_rank": 2.5384615384615383
}