{
    "n": 78,
    "skipped": 0,
    "top-1": 0.6666666666666666,
    "top-2": 0.7692307692307693,
    "top-3": 0.8205128205128205,
    "top-4": 0.8717948717948718,
    "top-5": 0.9102564102564102,
    "top-6": 0.9358974358974359,
    "top-7": 0.9487179487179487,
    "top-8": 0.9487179487179487,
    "top-9": 0.9487179487179487,
    "top-10": 0.9487179487179487,
    "avg_rank": 2.1794871794871793
}