{
    "n": 78,
    "skipped": 0,
    "top-1": 0.5641025641025641,
    "top-2": 0.7564102564102564,
    "top-3": 0.8076923076923077,
    "top-4": 0.8974358974358975,
    "top-5": 0.9358974358974359,
    "top-6": 0.9358974358974359,
    "top-7": 0.9487179487179487,
    "top-8": 0.9615384615384616,
    "top-9": 0.9615384615384616,
    "top-10": 0.9615384615384616,
    "avg_rank": 2.230769230769231
}