{
    "n": 48,
    "skipped": 0,
    "top-1": 0.5833333333333334,
    "top-2": 0.7916666666666666,
    "top-3": 0.8333333333333334,
    "top-4": 0.875,
    "top-5": 0.875,
    "top-6": 0.9166666666666666,
    "top-7": 0.9166666666666666,
    "top-8": 0.9166666666666666,
    "top-9": 0.9166666666666666,
    "top-10": 0.9166666666666666,
    "avg_rank": 2.375
}