{
    "n": 48,
    "skipped": 0,
    "top-1": 0.625,
    "top-2": 0.7708333333333334,
    "top-3": 0.8541666666666666,
    "top-4": 0.8958333333333334,
    "top-5": 0.8958333333333334,
    "top-6": 0.9166666666666666,
    "top-7": 0.9375,
    "top-8": 0.9375,
    "top-9": 0.9375,
    "top-10": 0.9375,
    "avg_rank": 2.2291666666666665
}