{
    "n": 30,
    "skipped": 0,
    "top-1": 0.6666666666666666,
    "top-2": 0.7333333333333333,
    "top-3": 0.8,
    "top-4": 0.8333333333333334,
    "top-5": 0.8333333333333334,
    "top-6": 0.9,
    "top-7": 0.9333333333333333,
    "top-8": 0.9666666666666667,
    "top-9": 0.9666666666666667,
    "top-10": 0.9666666666666667,
    "avg_rank": 2.3666666666666667
}