{
    "n": 30,
    "skipped": 0,
    "top-1": 0.6,
    "top-2": 0.7,
    "top-3": 0.7666666666666667,
    "top-4": 0.8,
    "top-5": 0.8,
    "top-6": 0.8,
    "top-7": 0.8333333333333334,
    "top-8": 0.8666666666666667,
    "top-9": 0.8666666666666667,
    "top-10": 0.8666666666666667,
    "avg_rank": 2.966666666666667
}