{
    "n": 78,
    "skipped": 0,
    "top-1": 0.6025641025641025,
    "top-2": 0.7435897435897436,
    "top-3": 0.782051282051282,
    "top-4": 0.8333333333333334,
    "top-5": 0.8461538461538461,
    "top-6": 0.9102564102564102,
    "top-7": 0.9230769230769231,
    "top-8": 0.9230769230769231,
    "top-9": 0.9230769230769231,
    "top-10": 0.9358974358974359,
    "avg_rank": 2.5128205128205128
}