{
    "n": 48,
    "skipped": 0,
    "top-1": 0.5833333333333334,
    "top-2": 0.75,
    "top-3": 0.8125,
    "top-4": 0.8541666666666666,
    "top-5": 0.8541666666666666,
    "top-6": 0.9166666666666666,
    "top-7": 0.9166666666666666,
    "top-8": 0.9166666666666666,
    "top-9": 0.9166666666666666,
    "top-10": 0.9166666666666666,
    "avg_rank": 2.4791666666666665
}