{
    "n": 78,
    "skipped": 0,
    "top-1": 0.6153846153846154,
    "top-2": 0.7692307692307693,
    "top-3": 0.8076923076923077,
    "top-4": 0.8589743589743589,
    "top-5": 0.8589743589743589,
    "top-6": 0.9102564102564102,
    "top-7": 0.9230769230769231,
    "top-8": 0.9230769230769231,
    "top-9": 0.9230769230769231,
    "top-10": 0.9358974358974359,
    "avg_rank": 2.41025641025641
}