{
    "n": 78,
    "skipped": 0,
    "top-1": 0.6538461538461539,
    "top-2": 0.782051282051282,
    "top-3": 0.8461538461538461,
    "top-4": 0.8974358974358975,
    "top-5": 0.9230769230769231,
    "top-6": 0.9358974358974359,
    "top-7": 0.9487179487179487,
    "top-8": 0.9487179487179487,
    "top-9": 0.9487179487179487,
    "top-10": 0.9487179487179487,
    "avg_rank": 2.1153846153846154
}