{
    "n": 30,
    "skipped": 0,
    "top-1": 0.5,
    "top-2": 0.5666666666666667,
    "top-3": 0.5666666666666667,
    "top-4": 0.5666666666666667,
    "top-5": 0.5666666666666667,
    "top-6": 0.6,
    "top-7": 0.6666666666666666,
    "top-8": 0.7,
    "top-9": 0.7,
    "top-10": 0.7,
    "avg_rank": 4.566666666666666
}