{
    "n": 404,
    "skipped": 0,
    "top-1": 0.7970297029702971,
    "top-2": 0.8589108910891089,
    "top-3": 0.8737623762376238,
    "top-4": 0.8886138613861386,
    "top-5": 0.8985148514851485,
    "top-6": 0.9133663366336634,
    "top-7": 0.9183168316831684,
    "top-8": 0.9282178217821783,
    "top-9": 0.9331683168316832,
    "top-10": 0.9455445544554455,
    "avg_rank": 1.99009900990099
}