{
    "n": 30,
    "skipped": 0,
    "top-1": 0.5333333333333333,
    "top-2": 0.6333333333333333,
    "top-3": 0.6666666666666666,
    "top-4": 0.7,
    "top-5": 0.7333333333333333,
    "top-6": 0.7333333333333333,
    "top-7": 0.7333333333333333,
    "top-8": 0.7666666666666667,
    "top-9": 0.7666666666666667,
    "top-10": 0.8,
    "avg_rank": 3.7333333333333334
}