{
    "n": 404,
    "skipped": 0,
    "top-1": 0.7970297029702971,
    "top-2": 0.8737623762376238,
    "top-3": 0.900990099009901,
    "top-4": 0.9084158415841584,
    "top-5": 0.9158415841584159,
    "top-6": 0.9306930693069307,
    "top-7": 0.9455445544554455,
    "top-8": 0.948019801980198,
    "top-9": 0.9504950495049505,
    "top-10": 0.9554455445544554,
    "avg_rank": 1.8292079207920793
}