{
    "n": 30,
    "skipped": 0,
    "top-1": 0.26666666666666666,
    "top-2": 0.36666666666666664,
    "top-3": 0.43333333333333335,
    "top-4": 0.4666666666666667,
    "top-5": 0.5,
    "top-6": 0.5666666666666667,
    "top-7": 0.5666666666666667,
    "top-8": 0.6333333333333333,
    "top-9": 0.7,
    "top-10": 0.7333333333333333,
    "avg_rank": 5.5
}