{
    "n": 74,
    "skipped": 0,
    "top-1": 0.7837837837837838,
    "top-2": 0.9324324324324325,
    "top-3": 0.9594594594594594,
    "top-4": 0.972972972972973,
    "top-5": 1.0,
    "top-6": 1.0,
    "top-7": 1.0,
    "top-8": 1.0,
    "top-9": 1.0,
    "top-10": 1.0,
    "avg_rank": 1.3513513513513513
}