{
    "n": 74,
    "skipped": 0,
    "top-1": 0.7972972972972973,
    "top-2": 0.8783783783783784,
    "top-3": 0.9459459459459459,
    "top-4": 0.9459459459459459,
    "top-5": 0.9864864864864865,
    "top-6": 0.9864864864864865,
    "top-7": 1.0,
    "top-8": 1.0,
    "top-9": 1.0,
    "top-10": 1.0,
    "avg_rank": 1.4594594594594594
}