{
    "n": 404,
    "skipped": 0,
    "top-1": 0.7698019801980198,
    "top-2": 0.8193069306930693,
    "top-3": 0.8465346534653465,
    "top-4": 0.8613861386138614,
    "top-5": 0.8811881188118812,
    "top-6": 0.8985148514851485,
    "top-7": 0.900990099009901,
    "top-8": 0.9108910891089109,
    "top-9": 0.9207920792079208,
    "top-10": 0.9306930693069307,
    "avg_rank": 2.1905940594059405
}