{
    "n": 74,
    "skipped": 0,
    "top-1": 0.7702702702702703,
    "top-2": 0.8378378378378378,
    "top-3": 0.9054054054054054,
    "top-4": 0.9054054054054054,
    "top-5": 0.9324324324324325,
    "top-6": 0.972972972972973,
    "top-7": 0.9864864864864865,
    "top-8": 0.9864864864864865,
    "top-9": 1.0,
    "top-10": 1.0,
    "avg_rank": 1.7027027027027026
}