{
    "n": 30,
    "skipped": 0,
    "top-1": 0.36666666666666664,
    "top-2": 0.36666666666666664,
    "top-3": 0.36666666666666664,
    "top-4": 0.4,
    "top-5": 0.5,
    "top-6": 0.5,
    "top-7": 0.5,
    "top-8": 0.5,
    "top-9": 0.5,
    "top-10": 0.5,
    "avg_rank": 6.0
}