{
    "n": 74,
    "skipped": 0,
    "top-1": 0.7432432432432432,
    "top-2": 0.7837837837837838,
    "top-3": 0.8108108108108109,
    "top-4": 0.8243243243243243,
    "top-5": 0.8648648648648649,
    "top-6": 0.9054054054054054,
    "top-7": 0.9054054054054054,
    "top-8": 0.918918918918919,
    "top-9": 0.9324324324324325,
    "top-10": 0.972972972972973,
    "avg_rank": 2.310810810810811
}