{
    "n": 30,
    "skipped": 0,
    "top-1": 0.8,
    "top-2": 0.9,
    "top-3": 0.9333333333333333,
    "top-4": 0.9666666666666667,
    "top-5": 0.9666666666666667,
    "top-6": 0.9666666666666667,
    "top-7": 0.9666666666666667,
    "top-8": 1.0,
    "top-9": 1.0,
    "top-10": 1.0,
    "avg_rank": 1.5
}