{
    "n": 52,
    "skipped": 0,
    "top-1": 0.9038461538461539,
    "top-2": 0.9038461538461539,
    "top-3": 0.9615384615384616,
    "top-4": 0.9807692307692307,
    "top-5": 0.9807692307692307,
    "top-6": 0.9807692307692307,
    "top-7": 1.0,
    "top-8": 1.0,
    "top-9": 1.0,
    "top-10": 1.0,
    "avg_rank": 1.2884615384615385
}