{
    "n": 404,
    "skipped": 0,
    "top-1": 0.8118811881188119,
    "top-2": 0.9108910891089109,
    "top-3": 0.9331683168316832,
    "top-4": 0.9405940594059405,
    "top-5": 0.9529702970297029,
    "top-6": 0.9579207920792079,
    "top-7": 0.9628712871287128,
    "top-8": 0.9628712871287128,
    "top-9": 0.9628712871287128,
    "top-10": 0.9653465346534653,
    "avg_rank": 1.603960396039604
}