{
    "n": 64,
    "skipped": 0,
    "top-1": 0.546875,
    "top-2": 0.65625,
    "top-3": 0.734375,
    "top-4": 0.75,
    "top-5": 0.78125,
    "top-6": 0.796875,
    "top-7": 0.796875,
    "top-8": 0.796875,
    "top-9": 0.796875,
    "top-10": 0.796875,
    "avg_rank": 3.34375
}