{
    "n": 36,
    "skipped": 0,
    "top-1": 0.8055555555555556,
    "top-2": 0.9444444444444444,
    "top-3": 0.9444444444444444,
    "top-4": 0.9444444444444444,
    "top-5": 0.9444444444444444,
    "top-6": 0.9444444444444444,
    "top-7": 0.9444444444444444,
    "top-8": 0.9722222222222222,
    "top-9": 0.9722222222222222,
    "top-10": 0.9722222222222222,
    "avg_rank": 1.5833333333333333
}