{
    "n": 52,
    "skipped": 0,
    "top-1": 0.9423076923076923,
    "top-2": 0.9615384615384616,
    "top-3": 0.9615384615384616,
    "top-4": 0.9615384615384616,
    "top-5": 0.9615384615384616,
    "top-6": 0.9615384615384616,
    "top-7": 0.9615384615384616,
    "top-8": 0.9615384615384616,
    "top-9": 0.9615384615384616,
    "top-10": 0.9615384615384616,
    "avg_rank": 1.3653846153846154
}