{
    "n": 404,
    "skipped": 0,
    "top-1": 0.7970297029702971,
    "top-2": 0.8960396039603961,
    "top-3": 0.9133663366336634,
    "top-4": 0.9331683168316832,
    "top-5": 0.943069306930693,
    "top-6": 0.9455445544554455,
    "top-7": 0.9579207920792079,
    "top-8": 0.9628712871287128,
    "top-9": 0.9628712871287128,
    "top-10": 0.9628712871287128,
    "avg_rank": 1.688118811881188
}