{
    "n": 404,
    "skipped": 0,
    "top-1": 0.8242574257425742,
    "top-2": 0.9257425742574258,
    "top-3": 0.9356435643564357,
    "top-4": 0.9455445544554455,
    "top-5": 0.9554455445544554,
    "top-6": 0.9579207920792079,
    "top-7": 0.9603960396039604,
    "top-8": 0.9603960396039604,
    "top-9": 0.9653465346534653,
    "top-10": 0.9653465346534653,
    "avg_rank": 1.5693069306930694
}