{
    "n": 74,
    "skipped": 0,
    "top-1": 0.6891891891891891,
    "top-2": 0.7162162162162162,
    "top-3": 0.7432432432432432,
    "top-4": 0.7702702702702703,
    "top-5": 0.8243243243243243,
    "top-6": 0.8513513513513513,
    "top-7": 0.8513513513513513,
    "top-8": 0.8648648648648649,
    "top-9": 0.8783783783783784,
    "top-10": 0.9054054054054054,
    "avg_rank": 2.810810810810811
}