{
    "n": 52,
    "skipped": 0,
    "top-1": 0.6153846153846154,
    "top-2": 0.6538461538461539,
    "top-3": 0.6923076923076923,
    "top-4": 0.7307692307692307,
    "top-5": 0.8076923076923077,
    "top-6": 0.8076923076923077,
    "top-7": 0.8076923076923077,
    "top-8": 0.8269230769230769,
    "top-9": 0.8461538461538461,
    "top-10": 0.8461538461538461,
    "avg_rank": 3.2115384615384617
}