{
    "n": 36,
    "skipped": 0,
    "top-1": 0.8055555555555556,
    "top-2": 0.8055555555555556,
    "top-3": 0.8055555555555556,
    "top-4": 0.8055555555555556,
    "top-5": 0.8333333333333334,
    "top-6": 0.8333333333333334,
    "top-7": 0.8333333333333334,
    "top-8": 0.8333333333333334,
    "top-9": 0.8333333333333334,
    "top-10": 0.8611111111111112,
    "avg_rank": 2.611111111111111
}