{
    "n": 74,
    "skipped": 0,
    "top-1": 0.5540540540540541,
    "top-2": 0.5945945945945946,
    "top-3": 0.6081081081081081,
    "top-4": 0.6621621621621622,
    "top-5": 0.7162162162162162,
    "top-6": 0.7432432432432432,
    "top-7": 0.7567567567567568,
    "top-8": 0.7567567567567568,
    "top-9": 0.7702702702702703,
    "top-10": 0.7972972972972973,
    "avg_rank": 3.8378378378378377
}