{
    "n": 404,
    "skipped": 0,
    "top-1": 0.7995049504950495,
    "top-2": 0.9084158415841584,
    "top-3": 0.9183168316831684,
    "top-4": 0.9306930693069307,
    "top-5": 0.9455445544554455,
    "top-6": 0.9504950495049505,
    "top-7": 0.9554455445544554,
    "top-8": 0.9579207920792079,
    "top-9": 0.9628712871287128,
    "top-10": 0.9653465346534653,
    "avg_rank": 1.6707920792079207
}