{
    "n": 30,
    "skipped": 0,
    "top-1": 0.23333333333333334,
    "top-2": 0.26666666666666666,
    "top-3": 0.3,
    "top-4": 0.3333333333333333,
    "top-5": 0.4,
    "top-6": 0.43333333333333335,
    "top-7": 0.4666666666666667,
    "top-8": 0.5,
    "top-9": 0.5333333333333333,
    "top-10": 0.6,
    "avg_rank": 6.533333333333333
}