{
    "n": 60,
    "skipped": 0,
    "top-1": 0.5166666666666667,
    "top-2": 0.65,
    "top-3": 0.7166666666666667,
    "top-4": 0.7333333333333333,
    "top-5": 0.7833333333333333,
    "top-6": 0.8166666666666667,
    "top-7": 0.85,
    "top-8": 0.8833333333333333,
    "top-9": 0.9166666666666666,
    "top-10": 0.9166666666666666,
    "avg_rank": 3.1333333333333333
}