{
    "n": 404,
    "skipped": 0,
    "top-1": 0.8118811881188119,
    "top-2": 0.9108910891089109,
    "top-3": 0.9207920792079208,
    "top-4": 0.9381188118811881,
    "top-5": 0.948019801980198,
    "top-6": 0.9504950495049505,
    "top-7": 0.9554455445544554,
    "top-8": 0.9628712871287128,
    "top-9": 0.9628712871287128,
    "top-10": 0.9653465346534653,
    "avg_rank": 1.6386138613861385
}