{
    "n": 404,
    "skipped": 0,
    "top-1": 0.5371287128712872,
    "top-2": 0.6014851485148515,
    "top-3": 0.6460396039603961,
    "top-4": 0.6732673267326733,
    "top-5": 0.7252475247524752,
    "top-6": 0.7425742574257426,
    "top-7": 0.7524752475247525,
    "top-8": 0.7623762376237624,
    "top-9": 0.7747524752475248,
    "top-10": 0.7920792079207921,
    "avg_rank": 3.7846534653465347
}