{
    "n": 58,
    "skipped": 0,
    "top-1": 0.5344827586206896,
    "top-2": 0.6206896551724138,
    "top-3": 0.7068965517241379,
    "top-4": 0.7241379310344828,
    "top-5": 0.7586206896551724,
    "top-6": 0.7758620689655172,
    "top-7": 0.7758620689655172,
    "top-8": 0.7758620689655172,
    "top-9": 0.7758620689655172,
    "top-10": 0.8103448275862069,
    "avg_rank": 3.5517241379310347
}