{
    "n": 30,
    "skipped": 0,
    "top-1": 0.8666666666666667,
    "top-2": 0.9666666666666667,
    "top-3": 0.9666666666666667,
    "top-4": 0.9666666666666667,
    "top-5": 1.0,
    "top-6": 1.0,
    "top-7": 1.0,
    "top-8": 1.0,
    "top-9": 1.0,
    "top-10": 1.0,
    "avg_rank": 1.2333333333333334
}