{
    "n": 404,
    "skipped": 0,
    "top-1": 0.8143564356435643,
    "top-2": 0.905940594059406,
    "top-3": 0.9257425742574258,
    "top-4": 0.9356435643564357,
    "top-5": 0.9504950495049505,
    "top-6": 0.9554455445544554,
    "top-7": 0.9579207920792079,
    "top-8": 0.9628712871287128,
    "top-9": 0.9628712871287128,
    "top-10": 0.9653465346534653,
    "avg_rank": 1.6287128712871286
}