{
    "n": 74,
    "skipped": 0,
    "top-1": 0.8108108108108109,
    "top-2": 0.9459459459459459,
    "top-3": 0.9594594594594594,
    "top-4": 0.972972972972973,
    "top-5": 1.0,
    "top-6": 1.0,
    "top-7": 1.0,
    "top-8": 1.0,
    "top-9": 1.0,
    "top-10": 1.0,
    "avg_rank": 1.3108108108108107
}