{
    "n": 58,
    "skipped": 0,
    "top-1": 0.8275862068965517,
    "top-2": 0.8793103448275862,
    "top-3": 0.9310344827586207,
    "top-4": 0.9310344827586207,
    "top-5": 0.9310344827586207,
    "top-6": 0.9482758620689655,
    "top-7": 0.9655172413793104,
    "top-8": 0.9655172413793104,
    "top-9": 0.9655172413793104,
    "top-10": 0.9655172413793104,
    "avg_rank": 1.6551724137931034
}