{
    "n": 30,
    "skipped": 0,
    "top-1": 0.7333333333333333,
    "top-2": 0.7666666666666667,
    "top-3": 0.8,
    "top-4": 0.8,
    "top-5": 0.8666666666666667,
    "top-6": 0.8666666666666667,
    "top-7": 0.8666666666666667,
    "top-8": 0.8666666666666667,
    "top-9": 0.8666666666666667,
    "top-10": 0.9,
    "avg_rank": 2.566666666666667
}