{
    "n": 58,
    "skipped": 0,
    "top-1": 0.8448275862068966,
    "top-2": 0.896551724137931,
    "top-3": 0.9137931034482759,
    "top-4": 0.9310344827586207,
    "top-5": 0.9482758620689655,
    "top-6": 0.9655172413793104,
    "top-7": 0.9655172413793104,
    "top-8": 0.9655172413793104,
    "top-9": 0.9655172413793104,
    "top-10": 0.9655172413793104,
    "avg_rank": 1.603448275862069
}