{
    "n": 60,
    "skipped": 0,
    "top-1": 0.7166666666666667,
    "top-2": 0.75,
    "top-3": 0.8,
    "top-4": 0.85,
    "top-5": 0.8666666666666667,
    "top-6": 0.9,
    "top-7": 0.9,
    "top-8": 0.9166666666666666,
    "top-9": 0.9166666666666666,
    "top-10": 0.9166666666666666,
    "avg_rank": 2.3833333333333333
}