{
    "n": 404,
    "skipped": 0,
    "top-1": 0.7995049504950495,
    "top-2": 0.8811881188118812,
    "top-3": 0.9108910891089109,
    "top-4": 0.9257425742574258,
    "top-5": 0.9381188118811881,
    "top-6": 0.9405940594059405,
    "top-7": 0.948019801980198,
    "top-8": 0.9579207920792079,
    "top-9": 0.9603960396039604,
    "top-10": 0.9603960396039604,
    "avg_rank": 1.7376237623762376
}